clade	gene	site	alt
Clade I	nuc	751	G
Clade I	nuc	859	T
Clade I	nuc	880	C
Clade I	nuc	886	A
Clade I	nuc	892	A
Clade I	nuc	895	A
Clade I	nuc	931	G
Clade I	nuc	934	A
Clade I	nuc	940	A
Clade I	nuc	955	G
Clade I	nuc	967	G
Clade I	nuc	1012	A
Clade I	nuc	1060	A
Clade I	nuc	1072	A
Clade I	nuc	1093	T
Clade I	nuc	1132	G
Clade I	nuc	1291	T
Clade I	nuc	712	A
Clade I	nuc	721	G
Clade I	nuc	728	C
Clade I	nuc	730	A
Clade I	nuc	739	T
Clade II	nuc	811	G
Clade II	nuc	1078	G
Clade II	nuc	685	A
Clade II	nuc	1108	T
Clade III	nuc	868	G
Clade VI	nuc	859	A
Clade VI	nuc	1172	A
Clade VII	nuc	754	C
Clade VII	nuc	833	T
Clade VII	nuc	889	A
Clade VII	nuc	1279	G
Clade IV	nuc	823	G
Clade IV	nuc	895	C
Clade V	nuc	910	A
Clade V	nuc	961	T
Clade V	nuc	1117	A
Clade V	nuc	733	T
